year_census,date_census_start,date_census_end,state_abb,state_name,state_region,state_division,population,median_household_income,census_current_flag
2011,2011-01-01,2011-12-31,AL,Alabama,South,East South Central,4747424,42934,FALSE
2011,2011-01-01,2011-12-31,AK,Alaska,West,Pacific,700703,69014,FALSE
2011,2011-01-01,2011-12-31,AZ,Arizona,West,Mountain,6337373,50752,FALSE
2011,2011-01-01,2011-12-31,AR,Arkansas,South,West South Central,2895928,40149,FALSE
2011,2011-01-01,2011-12-31,CA,California,West,Pacific,36969200,61632,FALSE
2011,2011-01-01,2011-12-31,CO,Colorado,West,Mountain,4966061,57685,FALSE
2011,2011-01-01,2011-12-31,CT,Connecticut,Northeast,New England,3558172,69243,FALSE
2011,2011-01-01,2011-12-31,DE,Delaware,South,South Atlantic,890856,59317,FALSE
2011,2011-01-01,2011-12-31,DC,District of Columbia,Northeast,South Atlantic,593955,61835,FALSE
2011,2011-01-01,2011-12-31,FL,Florida,South,South Atlantic,18688787,47827,FALSE
2011,2011-01-01,2011-12-31,GA,Georgia,South,South Atlantic,9600612,49736,FALSE
2011,2011-01-01,2011-12-31,HI,Hawaii,West,Pacific,1346554,67116,FALSE
2011,2011-01-01,2011-12-31,ID,Idaho,West,Mountain,1549987,46890,FALSE
2011,2011-01-01,2011-12-31,IL,Illinois,North Central,East North Central,12790182,56576,FALSE
2011,2011-01-01,2011-12-31,IN,Indiana,North Central,East North Central,6454254,48393,FALSE
2011,2011-01-01,2011-12-31,IA,Iowa,North Central,West North Central,3032266,50451,FALSE
2011,2011-01-01,2011-12-31,KS,Kansas,North Central,West North Central,2830985,50594,FALSE
2011,2011-01-01,2011-12-31,KY,Kentucky,South,East South Central,4316040,42248,FALSE
2011,2011-01-01,2011-12-31,LA,Louisiana,South,West South Central,4484596,44086,FALSE
2011,2011-01-01,2011-12-31,ME,Maine,Northeast,New England,1328543,47898,FALSE
2011,2011-01-01,2011-12-31,MD,Maryland,South,South Atlantic,5736545,72419,FALSE
2011,2011-01-01,2011-12-31,MA,Massachusetts,Northeast,New England,6512227,65981,FALSE
2011,2011-01-01,2011-12-31,MI,Michigan,North Central,East North Central,9920621,48669,FALSE
2011,2011-01-01,2011-12-31,MN,Minnesota,North Central,West North Central,5278190,58476,FALSE
2011,2011-01-01,2011-12-31,MS,Mississippi,South,East South Central,2956700,38718,FALSE
2011,2011-01-01,2011-12-31,MO,Missouri,North Central,West North Central,5955802,47202,FALSE
2011,2011-01-01,2011-12-31,MT,Montana,West,Mountain,982854,45324,FALSE
2011,2011-01-01,2011-12-31,NE,Nebraska,North Central,West North Central,1813061,50695,FALSE
2011,2011-01-01,2011-12-31,NV,Nevada,West,Mountain,2673396,55553,FALSE
2011,2011-01-01,2011-12-31,NH,New Hampshire,Northeast,New England,1315911,64664,FALSE
2011,2011-01-01,2011-12-31,NJ,New Jersey,Northeast,Middle Atlantic,8753064,71180,FALSE
2011,2011-01-01,2011-12-31,NM,New Mexico,West,Mountain,2037136,44631,FALSE
2011,2011-01-01,2011-12-31,NY,New York,Northeast,Middle Atlantic,19302448,56951,FALSE
2011,2011-01-01,2011-12-31,NC,North Carolina,South,South Atlantic,9418736,46291,FALSE
2011,2011-01-01,2011-12-31,ND,North Dakota,North Central,West North Central,666783,49415,FALSE
2011,2011-01-01,2011-12-31,OH,Ohio,North Central,East North Central,11525536,48071,FALSE
2011,2011-01-01,2011-12-31,OK,Oklahoma,South,West South Central,3714520,44287,FALSE
2011,2011-01-01,2011-12-31,OR,Oregon,West,Pacific,3801991,49850,FALSE
2011,2011-01-01,2011-12-31,PA,Pennsylvania,Northeast,Middle Atlantic,12660739,51651,FALSE
2011,2011-01-01,2011-12-31,RI,Rhode Island,Northeast,New England,1053959,55975,FALSE
2011,2011-01-01,2011-12-31,SC,South Carolina,South,South Atlantic,4575864,44587,FALSE
2011,2011-01-01,2011-12-31,SD,South Dakota,North Central,West North Central,807697,48010,FALSE
2011,2011-01-01,2011-12-31,TN,Tennessee,South,East South Central,6297991,43989,FALSE
2011,2011-01-01,2011-12-31,TX,Texas,South,West South Central,24774187,50920,FALSE
2011,2011-01-01,2011-12-31,UT,Utah,West,Mountain,2715379,57783,FALSE
2011,2011-01-01,2011-12-31,VT,Vermont,Northeast,New England,624958,53422,FALSE
2011,2011-01-01,2011-12-31,VA,Virginia,South,South Atlantic,7926192,63302,FALSE
2011,2011-01-01,2011-12-31,WA,Washington,West,Pacific,6652845,58890,FALSE
2011,2011-01-01,2011-12-31,WV,West Virginia,South,South Atlantic,1846372,39550,FALSE
2011,2011-01-01,2011-12-31,WI,Wisconsin,North Central,East North Central,5664893,52374,FALSE
2011,2011-01-01,2011-12-31,WY,Wyoming,West,Mountain,554697,56380,FALSE
2011,2011-01-01,2011-12-31,DC,Puerto Rico,Northeast,South Atlantic,3742586,19122,FALSE
2012,2012-01-01,2012-12-31,AL,Alabama,South,East South Central,4777326,43160,FALSE
2012,2012-01-01,2012-12-31,AK,Alaska,West,Pacific,711139,69917,FALSE
2012,2012-01-01,2012-12-31,AZ,Arizona,West,Mountain,6410979,50256,FALSE
2012,2012-01-01,2012-12-31,AR,Arkansas,South,West South Central,2916372,40531,FALSE
2012,2012-01-01,2012-12-31,CA,California,West,Pacific,37325068,61400,FALSE
2012,2012-01-01,2012-12-31,CO,Colorado,West,Mountain,5042853,58244,FALSE
2012,2012-01-01,2012-12-31,CT,Connecticut,Northeast,New England,3572213,69519,FALSE
2012,2012-01-01,2012-12-31,DE,Delaware,South,South Atlantic,900131,60119,FALSE
2012,2012-01-01,2012-12-31,DC,District of Columbia,Northeast,South Atlantic,605759,64267,FALSE
2012,2012-01-01,2012-12-31,FL,Florida,South,South Atlantic,18885152,47309,FALSE
2012,2012-01-01,2012-12-31,GA,Georgia,South,South Atlantic,9714569,49604,FALSE
2012,2012-01-01,2012-12-31,HI,Hawaii,West,Pacific,1362730,67492,FALSE
2012,2012-01-01,2012-12-31,ID,Idaho,West,Mountain,1567803,47015,FALSE
2012,2012-01-01,2012-12-31,IL,Illinois,North Central,East North Central,12823860,56853,FALSE
2012,2012-01-01,2012-12-31,IN,Indiana,North Central,East North Central,6485530,48374,FALSE
2012,2012-01-01,2012-12-31,IA,Iowa,North Central,West North Central,3047646,51129,FALSE
2012,2012-01-01,2012-12-31,KS,Kansas,North Central,West North Central,2851183,51273,FALSE
2012,2012-01-01,2012-12-31,KY,Kentucky,South,East South Central,4340167,42610,FALSE
2012,2012-01-01,2012-12-31,LA,Louisiana,South,West South Central,4529605,44673,FALSE
2012,2012-01-01,2012-12-31,ME,Maine,Northeast,New England,1329084,48219,FALSE
2012,2012-01-01,2012-12-31,MD,Maryland,South,South Atlantic,5785496,72999,FALSE
2012,2012-01-01,2012-12-31,MA,Massachusetts,Northeast,New England,6560595,66658,FALSE
2012,2012-01-01,2012-12-31,MI,Michigan,North Central,East North Central,9897264,48471,FALSE
2012,2012-01-01,2012-12-31,MN,Minnesota,North Central,West North Central,5313081,59126,FALSE
2012,2012-01-01,2012-12-31,MS,Mississippi,South,East South Central,2967620,38882,FALSE
2012,2012-01-01,2012-12-31,MO,Missouri,North Central,West North Central,5982413,47333,FALSE
2012,2012-01-01,2012-12-31,MT,Montana,West,Mountain,990785,45456,FALSE
2012,2012-01-01,2012-12-31,NE,Nebraska,North Central,West North Central,1827306,51381,FALSE
2012,2012-01-01,2012-12-31,NV,Nevada,West,Mountain,2704204,54083,FALSE
2012,2012-01-01,2012-12-31,NH,New Hampshire,Northeast,New England,1317474,64925,FALSE
2012,2012-01-01,2012-12-31,NJ,New Jersey,Northeast,Middle Atlantic,8793888,71637,FALSE
2012,2012-01-01,2012-12-31,NM,New Mexico,West,Mountain,2055287,44886,FALSE
2012,2012-01-01,2012-12-31,NY,New York,Northeast,Middle Atlantic,19398125,57683,FALSE
2012,2012-01-01,2012-12-31,NC,North Carolina,South,South Atlantic,9544249,46450,FALSE
2012,2012-01-01,2012-12-31,ND,North Dakota,North Central,West North Central,676253,51641,FALSE
2012,2012-01-01,2012-12-31,OH,Ohio,North Central,East North Central,11533561,48246,FALSE
2012,2012-01-01,2012-12-31,OK,Oklahoma,South,West South Central,3749005,44891,FALSE
2012,2012-01-01,2012-12-31,OR,Oregon,West,Pacific,3836628,50036,FALSE
2012,2012-01-01,2012-12-31,PA,Pennsylvania,Northeast,Middle Atlantic,12699589,52267,FALSE
2012,2012-01-01,2012-12-31,RI,Rhode Island,Northeast,New England,1052471,56102,FALSE
2012,2012-01-01,2012-12-31,SC,South Carolina,South,South Atlantic,4630351,44623,FALSE
2012,2012-01-01,2012-12-31,SD,South Dakota,North Central,West North Central,815871,49091,FALSE
2012,2012-01-01,2012-12-31,TN,Tennessee,South,East South Central,6353226,44140,FALSE
2012,2012-01-01,2012-12-31,TX,Texas,South,West South Central,25208897,51563,FALSE
2012,2012-01-01,2012-12-31,UT,Utah,West,Mountain,2766233,58164,FALSE
2012,2012-01-01,2012-12-31,VT,Vermont,Northeast,New England,625498,54168,FALSE
2012,2012-01-01,2012-12-31,VA,Virginia,South,South Atlantic,8014955,63636,FALSE
2012,2012-01-01,2012-12-31,WA,Washington,West,Pacific,6738714,59374,FALSE
2012,2012-01-01,2012-12-31,WV,West Virginia,South,South Atlantic,1850481,40400,FALSE
2012,2012-01-01,2012-12-31,WI,Wisconsin,North Central,East North Central,5687219,52627,FALSE
2012,2012-01-01,2012-12-31,WY,Wyoming,West,Mountain,562803,56573,FALSE
2012,2012-01-01,2012-12-31,DC,Puerto Rico,Northeast,South Atlantic,3716727,19515,FALSE
2013,2013-01-01,2013-12-31,AL,Alabama,South,East South Central,4799277,43253,FALSE
2013,2013-01-01,2013-12-31,AK,Alaska,West,Pacific,720316,70760,FALSE
2013,2013-01-01,2013-12-31,AZ,Arizona,West,Mountain,6479703,49774,FALSE
2013,2013-01-01,2013-12-31,AR,Arkansas,South,West South Central,2933369,40768,FALSE
2013,2013-01-01,2013-12-31,CA,California,West,Pacific,37659181,61094,FALSE
2013,2013-01-01,2013-12-31,CO,Colorado,West,Mountain,5119329,58433,FALSE
2013,2013-01-01,2013-12-31,CT,Connecticut,Northeast,New England,3583561,69461,FALSE
2013,2013-01-01,2013-12-31,DE,Delaware,South,South Atlantic,908446,59878,FALSE
2013,2013-01-01,2013-12-31,DC,District of Columbia,Northeast,South Atlantic,619371,65830,FALSE
2013,2013-01-01,2013-12-31,FL,Florida,South,South Atlantic,19091156,46956,FALSE
2013,2013-01-01,2013-12-31,GA,Georgia,South,South Atlantic,9810417,49179,FALSE
2013,2013-01-01,2013-12-31,HI,Hawaii,West,Pacific,1376298,67402,FALSE
2013,2013-01-01,2013-12-31,ID,Idaho,West,Mountain,1583364,46767,FALSE
2013,2013-01-01,2013-12-31,IL,Illinois,North Central,East North Central,12848554,56797,FALSE
2013,2013-01-01,2013-12-31,IN,Indiana,North Central,East North Central,6514861,48248,FALSE
2013,2013-01-01,2013-12-31,IA,Iowa,North Central,West North Central,3062553,51843,FALSE
2013,2013-01-01,2013-12-31,KS,Kansas,North Central,West North Central,2868107,51332,FALSE
2013,2013-01-01,2013-12-31,KY,Kentucky,South,East South Central,4361333,43036,FALSE
2013,2013-01-01,2013-12-31,LA,Louisiana,South,West South Central,4567968,44874,FALSE
2013,2013-01-01,2013-12-31,ME,Maine,Northeast,New England,1328320,48453,FALSE
2013,2013-01-01,2013-12-31,MD,Maryland,South,South Atlantic,5834299,73538,FALSE
2013,2013-01-01,2013-12-31,MA,Massachusetts,Northeast,New England,6605058,66866,FALSE
2013,2013-01-01,2013-12-31,MI,Michigan,North Central,East North Central,9886095,48411,FALSE
2013,2013-01-01,2013-12-31,MN,Minnesota,North Central,West North Central,5347740,59836,FALSE
2013,2013-01-01,2013-12-31,MS,Mississippi,South,East South Central,2976872,39031,FALSE
2013,2013-01-01,2013-12-31,MO,Missouri,North Central,West North Central,6007182,47380,FALSE
2013,2013-01-01,2013-12-31,MT,Montana,West,Mountain,998554,46230,FALSE
2013,2013-01-01,2013-12-31,NE,Nebraska,North Central,West North Central,1841625,51672,FALSE
2013,2013-01-01,2013-12-31,NV,Nevada,West,Mountain,2730066,52800,FALSE
2013,2013-01-01,2013-12-31,NH,New Hampshire,Northeast,New England,1319171,64916,FALSE
2013,2013-01-01,2013-12-31,NJ,New Jersey,Northeast,Middle Atlantic,8832406,71629,FALSE
2013,2013-01-01,2013-12-31,NM,New Mexico,West,Mountain,2069706,44927,FALSE
2013,2013-01-01,2013-12-31,NY,New York,Northeast,Middle Atlantic,19487053,58003,FALSE
2013,2013-01-01,2013-12-31,NC,North Carolina,South,South Atlantic,9651380,46334,FALSE
2013,2013-01-01,2013-12-31,ND,North Dakota,North Central,West North Central,689781,53741,FALSE
2013,2013-01-01,2013-12-31,OH,Ohio,North Central,East North Central,11549590,48308,FALSE
2013,2013-01-01,2013-12-31,OK,Oklahoma,South,West South Central,3785742,45339,FALSE
2013,2013-01-01,2013-12-31,OR,Oregon,West,Pacific,3868721,50229,FALSE
2013,2013-01-01,2013-12-31,PA,Pennsylvania,Northeast,Middle Atlantic,12731381,52548,FALSE
2013,2013-01-01,2013-12-31,RI,Rhode Island,Northeast,New England,1051695,56361,FALSE
2013,2013-01-01,2013-12-31,SC,South Carolina,South,South Atlantic,4679602,44779,FALSE
2013,2013-01-01,2013-12-31,SD,South Dakota,North Central,West North Central,825198,49495,FALSE
2013,2013-01-01,2013-12-31,TN,Tennessee,South,East South Central,6402387,44298,FALSE
2013,2013-01-01,2013-12-31,TX,Texas,South,West South Central,25639373,51900,FALSE
2013,2013-01-01,2013-12-31,UT,Utah,West,Mountain,2813673,58821,FALSE
2013,2013-01-01,2013-12-31,VT,Vermont,Northeast,New England,625904,54267,FALSE
2013,2013-01-01,2013-12-31,VA,Virginia,South,South Atlantic,8100653,63907,FALSE
2013,2013-01-01,2013-12-31,WA,Washington,West,Pacific,6819579,59478,FALSE
2013,2013-01-01,2013-12-31,WV,West Virginia,South,South Atlantic,1853619,41043,FALSE
2013,2013-01-01,2013-12-31,WI,Wisconsin,North Central,East North Central,5706871,52413,FALSE
2013,2013-01-01,2013-12-31,WY,Wyoming,West,Mountain,570134,57406,FALSE
2013,2013-01-01,2013-12-31,DC,Puerto Rico,Northeast,South Atlantic,3682966,19624,FALSE
2014,2014-01-01,2014-12-31,AL,Alabama,South,East South Central,4817678,43511,FALSE
2014,2014-01-01,2014-12-31,AK,Alaska,West,Pacific,728300,71829,FALSE
2014,2014-01-01,2014-12-31,AZ,Arizona,West,Mountain,6561516,49928,FALSE
2014,2014-01-01,2014-12-31,AR,Arkansas,South,West South Central,2947036,41264,FALSE
2014,2014-01-01,2014-12-31,CA,California,West,Pacific,38066920,61489,FALSE
2014,2014-01-01,2014-12-31,CO,Colorado,West,Mountain,5197580,59448,FALSE
2014,2014-01-01,2014-12-31,CT,Connecticut,Northeast,New England,3592053,69899,FALSE
2014,2014-01-01,2014-12-31,DE,Delaware,South,South Atlantic,917060,60231,FALSE
2014,2014-01-01,2014-12-31,DC,District of Columbia,Northeast,South Atlantic,633736,69235,FALSE
2014,2014-01-01,2014-12-31,FL,Florida,South,South Atlantic,19361792,47212,FALSE
2014,2014-01-01,2014-12-31,GA,Georgia,South,South Atlantic,9907756,49342,FALSE
2014,2014-01-01,2014-12-31,HI,Hawaii,West,Pacific,1392704,68201,FALSE
2014,2014-01-01,2014-12-31,ID,Idaho,West,Mountain,1599464,47334,FALSE
2014,2014-01-01,2014-12-31,IL,Illinois,North Central,East North Central,12868747,57166,FALSE
2014,2014-01-01,2014-12-31,IN,Indiana,North Central,East North Central,6542411,48737,FALSE
2014,2014-01-01,2014-12-31,IA,Iowa,North Central,West North Central,3078116,52716,FALSE
2014,2014-01-01,2014-12-31,KS,Kansas,North Central,West North Central,2882946,51872,FALSE
2014,2014-01-01,2014-12-31,KY,Kentucky,South,East South Central,4383272,43342,FALSE
2014,2014-01-01,2014-12-31,LA,Louisiana,South,West South Central,4601049,44991,FALSE
2014,2014-01-01,2014-12-31,ME,Maine,Northeast,New England,1328535,48804,FALSE
2014,2014-01-01,2014-12-31,MD,Maryland,South,South Atlantic,5887776,74149,FALSE
2014,2014-01-01,2014-12-31,MA,Massachusetts,Northeast,New England,6657291,67846,FALSE
2014,2014-01-01,2014-12-31,MI,Michigan,North Central,East North Central,9889024,49087,FALSE
2014,2014-01-01,2014-12-31,MN,Minnesota,North Central,West North Central,5383661,60828,FALSE
2014,2014-01-01,2014-12-31,MS,Mississippi,South,East South Central,2984345,39464,FALSE
2014,2014-01-01,2014-12-31,MO,Missouri,North Central,West North Central,6028076,47764,FALSE
2014,2014-01-01,2014-12-31,MT,Montana,West,Mountain,1006370,46766,FALSE
2014,2014-01-01,2014-12-31,NE,Nebraska,North Central,West North Central,1855617,52400,FALSE
2014,2014-01-01,2014-12-31,NV,Nevada,West,Mountain,2761584,52205,FALSE
2014,2014-01-01,2014-12-31,NH,New Hampshire,Northeast,New England,1321069,65986,FALSE
2014,2014-01-01,2014-12-31,NJ,New Jersey,Northeast,Middle Atlantic,8874374,72062,FALSE
2014,2014-01-01,2014-12-31,NM,New Mexico,West,Mountain,2080085,44968,FALSE
2014,2014-01-01,2014-12-31,NY,New York,Northeast,Middle Atlantic,19594330,58687,FALSE
2014,2014-01-01,2014-12-31,NC,North Carolina,South,South Atlantic,9750405,46693,FALSE
2014,2014-01-01,2014-12-31,ND,North Dakota,North Central,West North Central,704925,55579,FALSE
2014,2014-01-01,2014-12-31,OH,Ohio,North Central,East North Central,11560380,48849,FALSE
2014,2014-01-01,2014-12-31,OK,Oklahoma,South,West South Central,3818851,46235,FALSE
2014,2014-01-01,2014-12-31,OR,Oregon,West,Pacific,3900343,50521,FALSE
2014,2014-01-01,2014-12-31,PA,Pennsylvania,Northeast,Middle Atlantic,12758729,53115,FALSE
2014,2014-01-01,2014-12-31,RI,Rhode Island,Northeast,New England,1053252,56423,FALSE
2014,2014-01-01,2014-12-31,SC,South Carolina,South,South Atlantic,4727273,45033,FALSE
2014,2014-01-01,2014-12-31,SD,South Dakota,North Central,West North Central,834708,50338,FALSE
2014,2014-01-01,2014-12-31,TN,Tennessee,South,East South Central,6451365,44621,FALSE
2014,2014-01-01,2014-12-31,TX,Texas,South,West South Central,26092033,52576,FALSE
2014,2014-01-01,2014-12-31,UT,Utah,West,Mountain,2858111,59846,FALSE
2014,2014-01-01,2014-12-31,VT,Vermont,Northeast,New England,626358,54447,FALSE
2014,2014-01-01,2014-12-31,VA,Virginia,South,South Atlantic,8185131,64792,FALSE
2014,2014-01-01,2014-12-31,WA,Washington,West,Pacific,6899123,60294,FALSE
2014,2014-01-01,2014-12-31,WV,West Virginia,South,South Atlantic,1853881,41576,FALSE
2014,2014-01-01,2014-12-31,WI,Wisconsin,North Central,East North Central,5724692,52738,FALSE
2014,2014-01-01,2014-12-31,WY,Wyoming,West,Mountain,575251,58252,FALSE
2014,2014-01-01,2014-12-31,DC,Puerto Rico,Northeast,South Atlantic,3638965,19686,FALSE
2015,2015-01-01,2015-12-31,AL,Alabama,South,East South Central,4830620,43623,FALSE
2015,2015-01-01,2015-12-31,AK,Alaska,West,Pacific,733375,72515,FALSE
2015,2015-01-01,2015-12-31,AZ,Arizona,West,Mountain,6641928,50255,FALSE
2015,2015-01-01,2015-12-31,AR,Arkansas,South,West South Central,2958208,41371,FALSE
2015,2015-01-01,2015-12-31,CA,California,West,Pacific,38421464,61818,FALSE
2015,2015-01-01,2015-12-31,CO,Colorado,West,Mountain,5278906,60629,FALSE
2015,2015-01-01,2015-12-31,CT,Connecticut,Northeast,New England,3593222,70331,FALSE
2015,2015-01-01,2015-12-31,DE,Delaware,South,South Atlantic,926454,60509,FALSE
2015,2015-01-01,2015-12-31,DC,District of Columbia,Northeast,South Atlantic,647484,70848,FALSE
2015,2015-01-01,2015-12-31,FL,Florida,South,South Atlantic,19645772,47507,FALSE
2015,2015-01-01,2015-12-31,GA,Georgia,South,South Atlantic,10006693,49620,FALSE
2015,2015-01-01,2015-12-31,HI,Hawaii,West,Pacific,1406299,69515,FALSE
2015,2015-01-01,2015-12-31,ID,Idaho,West,Mountain,1616547,47583,FALSE
2015,2015-01-01,2015-12-31,IL,Illinois,North Central,East North Central,12873761,57574,FALSE
2015,2015-01-01,2015-12-31,IN,Indiana,North Central,East North Central,6568645,49255,FALSE
2015,2015-01-01,2015-12-31,IA,Iowa,North Central,West North Central,3093526,53183,FALSE
2015,2015-01-01,2015-12-31,KS,Kansas,North Central,West North Central,2892987,52205,FALSE
2015,2015-01-01,2015-12-31,KY,Kentucky,South,East South Central,4397353,43740,FALSE
2015,2015-01-01,2015-12-31,LA,Louisiana,South,West South Central,4625253,45047,FALSE
2015,2015-01-01,2015-12-31,ME,Maine,Northeast,New England,1329100,49331,FALSE
2015,2015-01-01,2015-12-31,MD,Maryland,South,South Atlantic,5930538,74551,FALSE
2015,2015-01-01,2015-12-31,MA,Massachusetts,Northeast,New England,6705586,68563,FALSE
2015,2015-01-01,2015-12-31,MI,Michigan,North Central,East North Central,9900571,49576,FALSE
2015,2015-01-01,2015-12-31,MN,Minnesota,North Central,West North Central,5419171,61492,FALSE
2015,2015-01-01,2015-12-31,MS,Mississippi,South,East South Central,2988081,39665,FALSE
2015,2015-01-01,2015-12-31,MO,Missouri,North Central,West North Central,6045448,48173,FALSE
2015,2015-01-01,2015-12-31,MT,Montana,West,Mountain,1014699,47169,FALSE
2015,2015-01-01,2015-12-31,NE,Nebraska,North Central,West North Central,1869365,52997,FALSE
2015,2015-01-01,2015-12-31,NV,Nevada,West,Mountain,2798636,51847,FALSE
2015,2015-01-01,2015-12-31,NH,New Hampshire,Northeast,New England,1324201,66779,FALSE
2015,2015-01-01,2015-12-31,NJ,New Jersey,Northeast,Middle Atlantic,8904413,72093,FALSE
2015,2015-01-01,2015-12-31,NM,New Mexico,West,Mountain,2084117,44963,FALSE
2015,2015-01-01,2015-12-31,NY,New York,Northeast,Middle Atlantic,19673174,59269,FALSE
2015,2015-01-01,2015-12-31,NC,North Carolina,South,South Atlantic,9845333,46868,FALSE
2015,2015-01-01,2015-12-31,ND,North Dakota,North Central,West North Central,721640,57181,FALSE
2015,2015-01-01,2015-12-31,OH,Ohio,North Central,East North Central,11575977,49429,FALSE
2015,2015-01-01,2015-12-31,OK,Oklahoma,South,West South Central,3849733,46879,FALSE
2015,2015-01-01,2015-12-31,OR,Oregon,West,Pacific,3939233,51243,FALSE
2015,2015-01-01,2015-12-31,PA,Pennsylvania,Northeast,Middle Atlantic,12779559,53599,FALSE
2015,2015-01-01,2015-12-31,RI,Rhode Island,Northeast,New England,1053661,56852,FALSE
2015,2015-01-01,2015-12-31,SC,South Carolina,South,South Atlantic,4777576,45483,FALSE
2015,2015-01-01,2015-12-31,SD,South Dakota,North Central,West North Central,843190,50957,FALSE
2015,2015-01-01,2015-12-31,TN,Tennessee,South,East South Central,6499615,45219,FALSE
2015,2015-01-01,2015-12-31,TX,Texas,South,West South Central,26538614,53207,FALSE
2015,2015-01-01,2015-12-31,UT,Utah,West,Mountain,2903379,60727,FALSE
2015,2015-01-01,2015-12-31,VT,Vermont,Northeast,New England,626604,55176,FALSE
2015,2015-01-01,2015-12-31,VA,Virginia,South,South Atlantic,8256630,65015,FALSE
2015,2015-01-01,2015-12-31,WA,Washington,West,Pacific,6985464,61062,FALSE
2015,2015-01-01,2015-12-31,WV,West Virginia,South,South Atlantic,1851420,41751,FALSE
2015,2015-01-01,2015-12-31,WI,Wisconsin,North Central,East North Central,5742117,53357,FALSE
2015,2015-01-01,2015-12-31,WY,Wyoming,West,Mountain,579679,58840,FALSE
2015,2015-01-01,2015-12-31,DC,Puerto Rico,Northeast,South Atlantic,3583073,19350,FALSE
2016,2016-01-01,2016-12-31,AL,Alabama,South,East South Central,4841164,44758,FALSE
2016,2016-01-01,2016-12-31,AK,Alaska,West,Pacific,736855,74444,FALSE
2016,2016-01-01,2016-12-31,AZ,Arizona,West,Mountain,6728577,51340,FALSE
2016,2016-01-01,2016-12-31,AR,Arkansas,South,West South Central,2968472,42336,FALSE
2016,2016-01-01,2016-12-31,CA,California,West,Pacific,38654206,63783,FALSE
2016,2016-01-01,2016-12-31,CO,Colorado,West,Mountain,5359295,62520,FALSE
2016,2016-01-01,2016-12-31,CT,Connecticut,Northeast,New England,3588570,71755,FALSE
2016,2016-01-01,2016-12-31,DE,Delaware,South,South Atlantic,934695,61017,FALSE
2016,2016-01-01,2016-12-31,DC,District of Columbia,Northeast,South Atlantic,659009,72935,FALSE
2016,2016-01-01,2016-12-31,FL,Florida,South,South Atlantic,19934451,48900,FALSE
2016,2016-01-01,2016-12-31,GA,Georgia,South,South Atlantic,10099320,51037,FALSE
2016,2016-01-01,2016-12-31,HI,Hawaii,West,Pacific,1413673,71977,FALSE
2016,2016-01-01,2016-12-31,ID,Idaho,West,Mountain,1635483,49174,FALSE
2016,2016-01-01,2016-12-31,IL,Illinois,North Central,East North Central,12851684,59196,FALSE
2016,2016-01-01,2016-12-31,IN,Indiana,North Central,East North Central,6589578,50433,FALSE
2016,2016-01-01,2016-12-31,IA,Iowa,North Central,West North Central,3106589,54570,FALSE
2016,2016-01-01,2016-12-31,KS,Kansas,North Central,West North Central,2898292,53571,FALSE
2016,2016-01-01,2016-12-31,KY,Kentucky,South,East South Central,4411989,44811,FALSE
2016,2016-01-01,2016-12-31,LA,Louisiana,South,West South Central,4645670,45652,FALSE
2016,2016-01-01,2016-12-31,ME,Maine,Northeast,New England,1329923,50826,FALSE
2016,2016-01-01,2016-12-31,MD,Maryland,South,South Atlantic,5959902,76067,FALSE
2016,2016-01-01,2016-12-31,MA,Massachusetts,Northeast,New England,6742143,70954,FALSE
2016,2016-01-01,2016-12-31,MI,Michigan,North Central,East North Central,9909600,50803,FALSE
2016,2016-01-01,2016-12-31,MN,Minnesota,North Central,West North Central,5450868,63217,FALSE
2016,2016-01-01,2016-12-31,MS,Mississippi,South,East South Central,2989192,40528,FALSE
2016,2016-01-01,2016-12-31,MO,Missouri,North Central,West North Central,6059651,49593,FALSE
2016,2016-01-01,2016-12-31,MT,Montana,West,Mountain,1023391,48380,FALSE
2016,2016-01-01,2016-12-31,NE,Nebraska,North Central,West North Central,1881259,54384,FALSE
2016,2016-01-01,2016-12-31,NV,Nevada,West,Mountain,2839172,53094,FALSE
2016,2016-01-01,2016-12-31,NH,New Hampshire,Northeast,New England,1327503,68485,FALSE
2016,2016-01-01,2016-12-31,NJ,New Jersey,Northeast,Middle Atlantic,8915456,73702,FALSE
2016,2016-01-01,2016-12-31,NM,New Mexico,West,Mountain,2082669,45674,FALSE
2016,2016-01-01,2016-12-31,NY,New York,Northeast,Middle Atlantic,19697457,60741,FALSE
2016,2016-01-01,2016-12-31,NC,North Carolina,South,South Atlantic,9940828,48256,FALSE
2016,2016-01-01,2016-12-31,ND,North Dakota,North Central,West North Central,736162,59114,FALSE
2016,2016-01-01,2016-12-31,OH,Ohio,North Central,East North Central,11586941,50674,FALSE
2016,2016-01-01,2016-12-31,OK,Oklahoma,South,West South Central,3875589,48038,FALSE
2016,2016-01-01,2016-12-31,OR,Oregon,West,Pacific,3982267,53270,FALSE
2016,2016-01-01,2016-12-31,PA,Pennsylvania,Northeast,Middle Atlantic,12783977,54895,FALSE
2016,2016-01-01,2016-12-31,RI,Rhode Island,Northeast,New England,1054491,58387,FALSE
2016,2016-01-01,2016-12-31,SC,South Carolina,South,South Atlantic,4834605,46898,FALSE
2016,2016-01-01,2016-12-31,SD,South Dakota,North Central,West North Central,851058,52078,FALSE
2016,2016-01-01,2016-12-31,TN,Tennessee,South,East South Central,6548009,46574,FALSE
2016,2016-01-01,2016-12-31,TX,Texas,South,West South Central,26956435,54727,FALSE
2016,2016-01-01,2016-12-31,UT,Utah,West,Mountain,2948427,62518,FALSE
2016,2016-01-01,2016-12-31,VT,Vermont,Northeast,New England,626249,56104,FALSE
2016,2016-01-01,2016-12-31,VA,Virginia,South,South Atlantic,8310301,66149,FALSE
2016,2016-01-01,2016-12-31,WA,Washington,West,Pacific,7073146,62848,FALSE
2016,2016-01-01,2016-12-31,WV,West Virginia,South,South Atlantic,1846092,42644,FALSE
2016,2016-01-01,2016-12-31,WI,Wisconsin,North Central,East North Central,5754798,54610,FALSE
2016,2016-01-01,2016-12-31,WY,Wyoming,West,Mountain,583029,59143,FALSE
2016,2016-01-01,2016-12-31,DC,Puerto Rico,Northeast,South Atlantic,3529385,19606,FALSE
2017,2017-01-01,2017-12-31,AL,Alabama,South,East South Central,4850771,46472,FALSE
2017,2017-01-01,2017-12-31,AK,Alaska,West,Pacific,738565,76114,FALSE
2017,2017-01-01,2017-12-31,AZ,Arizona,West,Mountain,6809946,53510,FALSE
2017,2017-01-01,2017-12-31,AR,Arkansas,South,West South Central,2977944,43813,FALSE
2017,2017-01-01,2017-12-31,CA,California,West,Pacific,38982847,67169,FALSE
2017,2017-01-01,2017-12-31,CO,Colorado,West,Mountain,5436519,65458,FALSE
2017,2017-01-01,2017-12-31,CT,Connecticut,Northeast,New England,3594478,73781,FALSE
2017,2017-01-01,2017-12-31,DE,Delaware,South,South Atlantic,943732,63036,FALSE
2017,2017-01-01,2017-12-31,DC,District of Columbia,Northeast,South Atlantic,672391,77649,FALSE
2017,2017-01-01,2017-12-31,FL,Florida,South,South Atlantic,20278447,50883,FALSE
2017,2017-01-01,2017-12-31,GA,Georgia,South,South Atlantic,10201635,52977,FALSE
2017,2017-01-01,2017-12-31,HI,Hawaii,West,Pacific,1421658,74923,FALSE
2017,2017-01-01,2017-12-31,ID,Idaho,West,Mountain,1657375,50985,FALSE
2017,2017-01-01,2017-12-31,IL,Illinois,North Central,East North Central,12854526,61229,FALSE
2017,2017-01-01,2017-12-31,IN,Indiana,North Central,East North Central,6614418,52182,FALSE
2017,2017-01-01,2017-12-31,IA,Iowa,North Central,West North Central,3118102,56570,FALSE
2017,2017-01-01,2017-12-31,KS,Kansas,North Central,West North Central,2903820,55477,FALSE
2017,2017-01-01,2017-12-31,KY,Kentucky,South,East South Central,4424376,46535,FALSE
2017,2017-01-01,2017-12-31,LA,Louisiana,South,West South Central,4663461,46710,FALSE
2017,2017-01-01,2017-12-31,ME,Maine,Northeast,New England,1330158,53024,FALSE
2017,2017-01-01,2017-12-31,MD,Maryland,South,South Atlantic,5996079,78916,FALSE
2017,2017-01-01,2017-12-31,MA,Massachusetts,Northeast,New England,6789319,74167,FALSE
2017,2017-01-01,2017-12-31,MI,Michigan,North Central,East North Central,9925568,52668,FALSE
2017,2017-01-01,2017-12-31,MN,Minnesota,North Central,West North Central,5490726,65699,FALSE
2017,2017-01-01,2017-12-31,MS,Mississippi,South,East South Central,2986220,42009,FALSE
2017,2017-01-01,2017-12-31,MO,Missouri,North Central,West North Central,6075300,51542,FALSE
2017,2017-01-01,2017-12-31,MT,Montana,West,Mountain,1029862,50801,FALSE
2017,2017-01-01,2017-12-31,NE,Nebraska,North Central,West North Central,1893921,56675,FALSE
2017,2017-01-01,2017-12-31,NV,Nevada,West,Mountain,2887725,55434,FALSE
2017,2017-01-01,2017-12-31,NH,New Hampshire,Northeast,New England,1331848,71305,FALSE
2017,2017-01-01,2017-12-31,NJ,New Jersey,Northeast,Middle Atlantic,8960161,76475,FALSE
2017,2017-01-01,2017-12-31,NM,New Mexico,West,Mountain,2084828,46718,FALSE
2017,2017-01-01,2017-12-31,NY,New York,Northeast,Middle Atlantic,19798228,62765,FALSE
2017,2017-01-01,2017-12-31,NC,North Carolina,South,South Atlantic,10052564,50320,FALSE
2017,2017-01-01,2017-12-31,ND,North Dakota,North Central,West North Central,745475,61285,FALSE
2017,2017-01-01,2017-12-31,OH,Ohio,North Central,East North Central,11609756,52407,FALSE
2017,2017-01-01,2017-12-31,OK,Oklahoma,South,West South Central,3896251,49767,FALSE
2017,2017-01-01,2017-12-31,OR,Oregon,West,Pacific,4025127,56119,FALSE
2017,2017-01-01,2017-12-31,PA,Pennsylvania,Northeast,Middle Atlantic,12790505,56951,FALSE
2017,2017-01-01,2017-12-31,RI,Rhode Island,Northeast,New England,1056138,61043,FALSE
2017,2017-01-01,2017-12-31,SC,South Carolina,South,South Atlantic,4893444,48781,FALSE
2017,2017-01-01,2017-12-31,SD,South Dakota,North Central,West North Central,855444,54126,FALSE
2017,2017-01-01,2017-12-31,TN,Tennessee,South,East South Central,6597381,48708,FALSE
2017,2017-01-01,2017-12-31,TX,Texas,South,West South Central,27419612,57051,FALSE
2017,2017-01-01,2017-12-31,UT,Utah,West,Mountain,2993941,65325,FALSE
2017,2017-01-01,2017-12-31,VT,Vermont,Northeast,New England,624636,57808,FALSE
2017,2017-01-01,2017-12-31,VA,Virginia,South,South Atlantic,8365952,68766,FALSE
2017,2017-01-01,2017-12-31,WA,Washington,West,Pacific,7169967,66174,FALSE
2017,2017-01-01,2017-12-31,WV,West Virginia,South,South Atlantic,1836843,44061,FALSE
2017,2017-01-01,2017-12-31,WI,Wisconsin,North Central,East North Central,5763217,56759,FALSE
2017,2017-01-01,2017-12-31,WY,Wyoming,West,Mountain,583200,60938,FALSE
2017,2017-01-01,2017-12-31,DC,Puerto Rico,Northeast,South Atlantic,3468963,19775,FALSE
2018,2018-01-01,2018-12-31,AL,Alabama,South,East South Central,4864680,48486,FALSE
2018,2018-01-01,2018-12-31,AK,Alaska,West,Pacific,738516,76715,FALSE
2018,2018-01-01,2018-12-31,AZ,Arizona,West,Mountain,6946685,56213,FALSE
2018,2018-01-01,2018-12-31,AR,Arkansas,South,West South Central,2990671,45726,FALSE
2018,2018-01-01,2018-12-31,CA,California,West,Pacific,39148760,71228,FALSE
2018,2018-01-01,2018-12-31,CO,Colorado,West,Mountain,5531141,68811,FALSE
2018,2018-01-01,2018-12-31,CT,Connecticut,Northeast,New England,3581504,76106,FALSE
2018,2018-01-01,2018-12-31,DE,Delaware,South,South Atlantic,949495,65627,FALSE
2018,2018-01-01,2018-12-31,DC,District of Columbia,Northeast,South Atlantic,684498,82604,FALSE
2018,2018-01-01,2018-12-31,FL,Florida,South,South Atlantic,20598139,53267,FALSE
2018,2018-01-01,2018-12-31,GA,Georgia,South,South Atlantic,10297484,55679,FALSE
2018,2018-01-01,2018-12-31,HI,Hawaii,West,Pacific,1422029,78084,FALSE
2018,2018-01-01,2018-12-31,ID,Idaho,West,Mountain,1687809,53089,FALSE
2018,2018-01-01,2018-12-31,IL,Illinois,North Central,East North Central,12821497,63575,FALSE
2018,2018-01-01,2018-12-31,IN,Indiana,North Central,East North Central,6637426,54325,FALSE
2018,2018-01-01,2018-12-31,IA,Iowa,North Central,West North Central,3132499,58580,FALSE
2018,2018-01-01,2018-12-31,KS,Kansas,North Central,West North Central,2908776,57422,FALSE
2018,2018-01-01,2018-12-31,KY,Kentucky,South,East South Central,4440204,48392,FALSE
2018,2018-01-01,2018-12-31,LA,Louisiana,South,West South Central,4663616,47942,FALSE
2018,2018-01-01,2018-12-31,ME,Maine,Northeast,New England,1332813,55425,FALSE
2018,2018-01-01,2018-12-31,MD,Maryland,South,South Atlantic,6003435,81868,FALSE
2018,2018-01-01,2018-12-31,MA,Massachusetts,Northeast,New England,6830193,77378,FALSE
2018,2018-01-01,2018-12-31,MI,Michigan,North Central,East North Central,9957488,54938,FALSE
2018,2018-01-01,2018-12-31,MN,Minnesota,North Central,West North Central,5527358,68411,FALSE
2018,2018-01-01,2018-12-31,MS,Mississippi,South,East South Central,2988762,43567,FALSE
2018,2018-01-01,2018-12-31,MO,Missouri,North Central,West North Central,6090062,53560,FALSE
2018,2018-01-01,2018-12-31,MT,Montana,West,Mountain,1041732,52559,FALSE
2018,2018-01-01,2018-12-31,NE,Nebraska,North Central,West North Central,1904760,59116,FALSE
2018,2018-01-01,2018-12-31,NV,Nevada,West,Mountain,2922849,57598,FALSE
2018,2018-01-01,2018-12-31,NH,New Hampshire,Northeast,New England,1343622,74057,FALSE
2018,2018-01-01,2018-12-31,NJ,New Jersey,Northeast,Middle Atlantic,8881845,79363,FALSE
2018,2018-01-01,2018-12-31,NM,New Mexico,West,Mountain,2092434,48059,FALSE
2018,2018-01-01,2018-12-31,NY,New York,Northeast,Middle Atlantic,19618453,65323,FALSE
2018,2018-01-01,2018-12-31,NC,North Carolina,South,South Atlantic,10155624,52413,FALSE
2018,2018-01-01,2018-12-31,ND,North Dakota,North Central,West North Central,752201,63473,FALSE
2018,2018-01-01,2018-12-31,OH,Ohio,North Central,East North Central,11641879,54533,FALSE
2018,2018-01-01,2018-12-31,OK,Oklahoma,South,West South Central,3918137,51424,FALSE
2018,2018-01-01,2018-12-31,OR,Oregon,West,Pacific,4081943,59393,FALSE
2018,2018-01-01,2018-12-31,PA,Pennsylvania,Northeast,Middle Atlantic,12791181,59445,FALSE
2018,2018-01-01,2018-12-31,RI,Rhode Island,Northeast,New England,1056611,63296,FALSE
2018,2018-01-01,2018-12-31,SC,South Carolina,South,South Atlantic,4955925,51015,FALSE
2018,2018-01-01,2018-12-31,SD,South Dakota,North Central,West North Central,864289,56499,FALSE
2018,2018-01-01,2018-12-31,TN,Tennessee,South,East South Central,6651089,50972,FALSE
2018,2018-01-01,2018-12-31,TX,Texas,South,West South Central,27885195,59570,FALSE
2018,2018-01-01,2018-12-31,UT,Utah,West,Mountain,3045350,68374,FALSE
2018,2018-01-01,2018-12-31,VT,Vermont,Northeast,New England,624977,60076,FALSE
2018,2018-01-01,2018-12-31,VA,Virginia,South,South Atlantic,8413774,71564,FALSE
2018,2018-01-01,2018-12-31,WA,Washington,West,Pacific,7294336,70116,FALSE
2018,2018-01-01,2018-12-31,WV,West Virginia,South,South Atlantic,1829054,44921,FALSE
2018,2018-01-01,2018-12-31,WI,Wisconsin,North Central,East North Central,5778394,59209,FALSE
2018,2018-01-01,2018-12-31,WY,Wyoming,West,Mountain,581836,62268,FALSE
2018,2018-01-01,2018-12-31,DC,Puerto Rico,Northeast,South Atlantic,3386941,20166,FALSE
2019,2019-01-01,2019-12-31,AL,Alabama,South,East South Central,4876250,50536,TRUE
2019,2019-01-01,2019-12-31,AK,Alaska,West,Pacific,737068,77640,TRUE
2019,2019-01-01,2019-12-31,AZ,Arizona,West,Mountain,7050299,58945,TRUE
2019,2019-01-01,2019-12-31,AR,Arkansas,South,West South Central,2999370,47597,TRUE
2019,2019-01-01,2019-12-31,CA,California,West,Pacific,39283497,75235,TRUE
2019,2019-01-01,2019-12-31,CO,Colorado,West,Mountain,5610349,72331,TRUE
2019,2019-01-01,2019-12-31,CT,Connecticut,Northeast,New England,3575074,78444,TRUE
2019,2019-01-01,2019-12-31,DE,Delaware,South,South Atlantic,957248,68287,TRUE
2019,2019-01-01,2019-12-31,DC,District of Columbia,Northeast,South Atlantic,692683,86420,TRUE
2019,2019-01-01,2019-12-31,FL,Florida,South,South Atlantic,20901636,55660,TRUE
2019,2019-01-01,2019-12-31,GA,Georgia,South,South Atlantic,10403847,58700,TRUE
2019,2019-01-01,2019-12-31,HI,Hawaii,West,Pacific,1422094,81275,TRUE
2019,2019-01-01,2019-12-31,ID,Idaho,West,Mountain,1717750,55785,TRUE
2019,2019-01-01,2019-12-31,IL,Illinois,North Central,East North Central,12770631,65886,TRUE
2019,2019-01-01,2019-12-31,IN,Indiana,North Central,East North Central,6665703,56303,TRUE
2019,2019-01-01,2019-12-31,IA,Iowa,North Central,West North Central,3139508,60523,TRUE
2019,2019-01-01,2019-12-31,KS,Kansas,North Central,West North Central,2910652,59597,TRUE
2019,2019-01-01,2019-12-31,KY,Kentucky,South,East South Central,4449052,50589,TRUE
2019,2019-01-01,2019-12-31,LA,Louisiana,South,West South Central,4664362,49469,TRUE
2019,2019-01-01,2019-12-31,ME,Maine,Northeast,New England,1335492,57918,TRUE
2019,2019-01-01,2019-12-31,MD,Maryland,South,South Atlantic,6018848,84805,TRUE
2019,2019-01-01,2019-12-31,MA,Massachusetts,Northeast,New England,6850553,81215,TRUE
2019,2019-01-01,2019-12-31,MI,Michigan,North Central,East North Central,9965265,57144,TRUE
2019,2019-01-01,2019-12-31,MN,Minnesota,North Central,West North Central,5563378,71306,TRUE
2019,2019-01-01,2019-12-31,MS,Mississippi,South,East South Central,2984418,45081,TRUE
2019,2019-01-01,2019-12-31,MO,Missouri,North Central,West North Central,6104910,55461,TRUE
2019,2019-01-01,2019-12-31,MT,Montana,West,Mountain,1050649,54970,TRUE
2019,2019-01-01,2019-12-31,NE,Nebraska,North Central,West North Central,1914571,61439,TRUE
2019,2019-01-01,2019-12-31,NV,Nevada,West,Mountain,2972382,60365,TRUE
2019,2019-01-01,2019-12-31,NH,New Hampshire,Northeast,New England,1348124,76768,TRUE
2019,2019-01-01,2019-12-31,NJ,New Jersey,Northeast,Middle Atlantic,8878503,82545,TRUE
2019,2019-01-01,2019-12-31,NM,New Mexico,West,Mountain,2092454,49754,TRUE
2019,2019-01-01,2019-12-31,NY,New York,Northeast,Middle Atlantic,19572319,68486,TRUE
2019,2019-01-01,2019-12-31,NC,North Carolina,South,South Atlantic,10264876,54602,TRUE
2019,2019-01-01,2019-12-31,ND,North Dakota,North Central,West North Central,756717,64894,TRUE
2019,2019-01-01,2019-12-31,OH,Ohio,North Central,East North Central,11655397,56602,TRUE
2019,2019-01-01,2019-12-31,OK,Oklahoma,South,West South Central,3932870,52919,TRUE
2019,2019-01-01,2019-12-31,OR,Oregon,West,Pacific,4129803,62818,TRUE
2019,2019-01-01,2019-12-31,PA,Pennsylvania,Northeast,Middle Atlantic,12791530,61744,TRUE
2019,2019-01-01,2019-12-31,RI,Rhode Island,Northeast,New England,1057231,67167,TRUE
2019,2019-01-01,2019-12-31,SC,South Carolina,South,South Atlantic,5020806,53199,TRUE
2019,2019-01-01,2019-12-31,SD,South Dakota,North Central,West North Central,870638,58275,TRUE
2019,2019-01-01,2019-12-31,TN,Tennessee,South,East South Central,6709356,53320,TRUE
2019,2019-01-01,2019-12-31,TX,Texas,South,West South Central,28260856,61874,TRUE
2019,2019-01-01,2019-12-31,UT,Utah,West,Mountain,3096848,71621,TRUE
2019,2019-01-01,2019-12-31,VT,Vermont,Northeast,New England,624313,61973,TRUE
2019,2019-01-01,2019-12-31,VA,Virginia,South,South Atlantic,8454463,74222,TRUE
2019,2019-01-01,2019-12-31,WA,Washington,West,Pacific,7404107,73775,TRUE
2019,2019-01-01,2019-12-31,WV,West Virginia,South,South Atlantic,1817305,46711,TRUE
2019,2019-01-01,2019-12-31,WI,Wisconsin,North Central,East North Central,5790716,61747,TRUE
2019,2019-01-01,2019-12-31,WY,Wyoming,West,Mountain,581024,64049,TRUE
2019,2019-01-01,2019-12-31,DC,Puerto Rico,Northeast,South Atlantic,3318447,20539,TRUE
